id,description,name,created_at,username,tier,category,VC,next_token,result_count,detected_at,followers_count,following_count,tweet_count,listed_count
1.4751686571310653e+18,"AI, medtech, trap music â¤ï¸",Louis,2021-12-26 18:16:42+00:00,louis02x,Chad,Infra,Paradigm,,,2022-12-21,269.0,239.0,2932.0,1.0
29643133.0,Helping machines learn.,Josh Albrecht,2009-04-08 04:44:04+00:00,joshalbrecht,Chad,Individual,Paradigm,,,2022-12-21,597.0,41.0,42.0,20.0
48544368.0,understanding human & machine minds to build a creative abundant future. CEO @genintelligent. support founders @outsetcap. co-organize https://t.co/H1aXYjRuUA.,Kanjun ğŸ™ğŸ¡,2009-06-19 00:10:37+00:00,kanjun,Chad,Individual,Paradigm,,,2022-12-21,11688.0,436.0,2269.0,195.0
1.441062386182488e+18,â€¼ï¸ å‰©ä¸‹çš„æ—¶é—´ä¸å¤šäº† â€¼ï¸,â¤ï¸ ANGEL FAYE â¤ï¸,2021-09-23 15:30:30+00:00,zk_faye,Chad,Not Specified,Paradigm,,,2022-12-21,878.0,491.0,956.0,7.0
14322017.0,"ğŸª Topics of interest: mostly GPT-3-oriented programming, but I'd also like to explore applications of generative AI to real-time rendering and gaming",Julian Bilcke,2008-04-07 11:41:09+00:00,flngr,1.5,DeFi,DCG,,,2022-12-21,1092.0,3293.0,13482.0,129.0
7.387927043021619e+17,Early Adopter #Bitcoin. Been through 2 Bear Markets and 3 Bull Markets. YouTube Personality for Crypto Tips with @sircryptotips,Heidi,2016-06-03 18:01:21+00:00,blockchainchick,1.5,Individual,DCG,,,2022-12-21,104594.0,322.0,16904.0,1007.0
1.3949961877244518e+18,Investing is like hitting a piÃ±ata: most of the times you'll fail but one good hit and you get the candy. It's the same with crypto but now you're the piÃ±ata.,Wauwda âœï¸,2021-05-19 12:39:50+00:00,wauwda,1.5,Individual,DCG,,,2022-12-21,5743.0,185.0,1191.0,98.0
36838487.0,"Digital rights are human rights. Board president of @FreedomofPress, board of @FFDWeb, advisor for @eff. Tweets are my own.",Rainey Reitman,2009-05-01 01:11:58+00:00,RaineyReitman,1.5,Individual,DCG,,,2022-12-21,5905.0,2059.0,7634.0,340.0
1.5021859285420155e+18,"I spend a lot of time in code and researching. Sometimes I find interesting things to share, sometimes not.",Batch Brew Coder,2022-03-11 07:33:54+00:00,BatchBrewCoder,Chad,DeFi,Polychain,,,2022-12-21,1790.0,639.0,323.0,41.0
1.4936604048740557e+18,Web3 Social Platform | Building the future of NFTs | https://t.co/nkyLa6P8z2,Welook,2022-02-15 18:56:48+00:00,welook_io,1,Infra,Binance Labs,,,2022-12-21,3320.0,100.0,530.0,31.0
2326980139.0,"Founder @3F_Research...Formerly with Ned Davis Research, Recovering Attorney (step 4), Highlighting when I'm rt...downplaying when I'm wrong.",Warren Pies,2014-02-04 11:42:17+00:00,WarrenPies,1,Individual,Binance Labs,,,2022-12-21,17660.0,1235.0,4119.0,575.0
59886119.0,"CEO, Co-founder of Burn Ghost @burnghostgames https://t.co/RXMZRgF4e4 a Web 3 game platform. | Creative Technologist of AR, VR, Games + NFTS.",Steve Curran,2009-07-24 20:55:54+00:00,Steve_Curran,1,Infra,1kx,,,2022-12-21,1700.0,4999.0,4895.0,99.0
182921713.0,â€œAre You Really Okay?â€ order hereğŸ‘‡ğŸ¼,Roman Kemp,2010-08-25 18:38:46+00:00,romankemp,1.5,Not Specified,Jump Crypto,,,2022-12-21,294992.0,517.0,3379.0,174.0
1.4883577627154842e+18,"Maker of games since I was 10. COO at @GmgStudios, making sweet Motorsport games. A Animoca Brands Studio. Rock Climbing, Drifting, Design, Coffee.",Billy Sullivan,2022-02-01 03:45:31+00:00,_billysul,1.5,GameFi,Jump Crypto,,,2022-12-21,30.0,49.0,17.0,2.0
2834255685.0,CMO @WildBillsSoda ğŸº @CUDOS_ Ranger â˜ï¸ Host #TheMotivationMovement PodcastğŸ™ A.R.R ğŸ’ Enter Ruddoâ€™s Realm ğŸ‘‡,Michael Russo,2014-10-16 15:58:40+00:00,mRuddo,1.5,Infra,Jump Crypto,,,2022-12-21,549.0,275.0,2382.0,20.0
203883671.0,@theknittables founder @Harvard alum | admin @GrailersDAO / https://t.co/PMahdy1Aqf | https://t.co/5zN63gqFX8,"wivarior.sol (ğŸ§¶, ğŸ§¶)",2010-10-17 11:55:57+00:00,wivarior,1.5,Individual,Animoca Brands,,,2022-12-21,1110.0,835.0,515.0,10.0
9.177426065571348e+17,Illustrator @Okaybears | 1/1 Artist @BoxiblyClub | SOLANA CREATOR,vaztified,2017-10-10 13:24:23+00:00,ronansavaza_,1.5,NFT,Animoca Brands,,,2022-12-21,1451.0,889.0,2154.0,4.0
1.1599861187938058e+18,"Phygitals are a fusion of physical & digital products, combining the best of both worlds to create immersive & interactive experiences. Founder â¡ @retrogoons",phygitals,2019-08-10 00:33:37+00:00,phygitalswtf,1.5,Individual,Animoca Brands,,,2022-12-21,7546.0,1823.0,49.0,6.0
65688381.0,Brought to you by @phygitalswtf,retrogoons,2009-08-14 17:35:49+00:00,retrogoons,1.5,Individual,Animoca Brands,,,2022-12-21,14242.0,3357.0,104.0,8.0
2982469872.0,"I thought I wanted a career, turn out I just want to draw some shit. Co-Founder & Artist @phygitalswtf & @retrogoons",Skred,2015-01-14 11:42:58+00:00,ImSkred,1.5,NFT,Animoca Brands,,,2022-12-21,1801.0,465.0,193.0,1.0
1.469054754261246e+18,"I make pixels. ğŸ‘¾

1/1 Pixel artist at #Solana. Doing @TheGumbaz. Working at @LazyBearZNFT. Featured Artist at @saydialect",Rafaqin,2021-12-09 21:22:11+00:00,Rafaqin,1.5,NFT,Animoca Brands,,,2022-12-21,4957.0,490.0,574.0,26.0
1.479292332478509e+18,"The Gumbaz is a tribe made up of 125 fun Goblins hand drawn by @Rafaqin. Will you join the tribe? Auctions every Saturday.
Discord: https://t.co/8u5UDyGYxf",The Gumbaz,2022-01-07 03:22:46+00:00,TheGumbaz,1.5,Individual,Animoca Brands,,,2022-12-21,711.0,3.0,18.0,0.0
271075822.0,"NFL fantasy and handicapping at @4for4Football and @BetSperts. Formerly NBC. Emmy, FSWA award winner. â€œBe a little bit kinder than whatâ€™s required.â€",John Daigle,2011-03-23 20:21:42+00:00,notJDaigle,1.5,Individual,Animoca Brands,,,2022-12-21,26259.0,998.0,34281.0,1055.0
1.4963328609572905e+18,"Building Open Source Solutions for Blockchain. Introducing Smart Contract As a Service (SCAS).
#aptos #sui #solana
Discord - https://t.co/Yx1uEsvLsi",Mokshya Protocol,2022-02-23 03:55:46+00:00,MokshyaProtocol,1.5,Infra,Big Brain Holdings,,,2022-12-21,234.0,222.0,65.0,7.0
13634322.0,Obsessed with self-driving cars & AI. VP at @cruise. Previously CEO at @voyage. Angel investor in 50+ AI startups. Board member at @skyways. @ycombinator alum.,Oliver Cameron,2008-02-18 18:08:32+00:00,olivercameron,Chad,NFT,Variant,,,2022-12-21,31546.0,500.0,5714.0,763.0
1345642520.0,"Community Manager @Nori. Mage @PolygonGuildStG. Host @GotchiBrothers; simple psychonaut. Passion for the Outdoors, ğŸ¦‡ğŸ”Š, Polygon, Gotchigang & Climate Change.",Mycaleum.eth |.lens ğŸ’œğŸ‘»ğŸ¦‡ğŸ”ŠğŸ‘»ğŸ’œ,2013-04-12 00:50:30+00:00,Mycaleum,Chad,Individual,Galaxy Interactive,,,2022-12-21,1382.0,3018.0,3966.0,19.0
1594631.0,Chaotic good product manager,Chris Butler,2007-03-20 06:14:13+00:00,chrizbot,Chad,Individual,Galaxy Interactive,,,2022-12-21,1334.0,285.0,3659.0,94.0
1898829733.0,"@slykhq, @cadooinc.  Priors: @theairtm, @airprotocol, @upholdinc, @gruposalinas. 
Cult: https://t.co/hQ6qKex6hu
Fund: https://t.co/w0Mdkgq0j9",Tim Parsa,2013-09-24 00:36:35+00:00,TimParsa,Chad,Infra,Galaxy Digital,,,2022-12-21,1219.0,454.0,5776.0,25.0
60245347.0,"appreciative of all things biology, chemistry, comp sci, decentralized systems. monetary localist. engineer @CelestiaOrg he/they",zkFART,2009-07-26 05:53:53+00:00,evansforbes,Chad,Individual,a16z,,,2022-12-21,670.0,415.0,667.0,17.0
1.4325360994699878e+18,protocol @opensea | @ucberkeley â€˜21 | views are my own,Stephan Min,2021-08-31 02:50:11+00:00,stephanminkj,Chad,Infra,a16z,,,2022-12-21,286.0,431.0,44.0,14.0
1.5861304754536612e+18,Liquid staking protocol built on @archwayHQ,Liquid FinanceğŸ’§ğŸŸ ,2022-10-28 22:59:19+00:00,liquid_finance,1,DeFi,Fabric,,,2022-12-21,103.0,70.0,22.0,1.0
1.5960482147084247e+18,*Coming soon* - building efficient and secure cross-chain protocol!,Orb Labs,2022-11-25 07:48:57+00:00,0xOrbLabs,1,Infra,Fabric,,,2022-12-21,53.0,3.0,0.0,1.0
1.583185451455697e+18,Crafting Exceptional Customer Connections for Web3 Businesses ğŸŒ,Persona,2022-10-20 19:56:48+00:00,Persona3io,1,Infra,Fabric,,,2022-12-21,2288.0,12.0,15.0,0.0
6488482.0,"Entrepreneur, Business/IT/Compliance, Executive, e-commerce, payments, crypto, AML, @KYC_2020 @unitralis @bitbuy @cmsba @paymentsourceCA",Joseph IusoğŸ‡¨ğŸ‡¦,2007-06-01 02:01:09+00:00,jojomah,Chad,DeFi,DragonFly,,,2022-12-21,515.0,682.0,2614.0,5.0
47283046.0,Co-founder & CEO of Fan Controlled Football @fcflio & the Ballerz Collective @FCFballerz,Sohrob.eth Farudi ğŸŒ â­•ï¸,2009-06-15 07:16:45+00:00,sohrobf,1,Individual,Zee Prime,,,2022-12-21,5049.0,1368.0,1366.0,65.0
116652043.0,"Founder @futureverse, @flufworld, @altstatemachine, @sylo, @centralityai, @D64vc. Fellow @EHFNewZealand, @NgaiTahu Iwi. Open Metaverse or GTFO",Striker McDonald,2010-02-23 05:34:24+00:00,aaronmcdnz,1,GameFi,Zee Prime,,,2022-12-21,17600.0,1842.0,10697.0,171.0
1.3772923563497923e+18,"CHAOS
Say hi on Discord",Urs Fischer,2021-03-31 16:11:06+00:00,CHAOSursfischer,1,Individual,Zee Prime,,,2022-12-21,1159.0,19.0,259.0,16.0
620189035.0,"SVP Global Head & Senior Specialist, Science & Popular Culture @sothebys Market maker, record breaker ğŸ¦–ğŸš€ ğŸ‘‘. #SpaceExploration #histsci #HipHop #NFTs #dinos",Cassandra Hatton ğŸš€,2012-06-27 17:28:57+00:00,the_lynx_eyed,1,Individual,Zee Prime,,,2022-12-21,2493.0,2851.0,2805.0,38.0
1.4181582546481357e+18,Ascending the Heavens and Ruling the Underworlds | Codemancer at @Dialectic_Group @1of1_works @FRWCCouncil,Meph ğŸ,2021-07-22 10:37:44+00:00,Meph1587,1,Infra,Zee Prime,,,2022-12-21,721.0,850.0,556.0,15.0
987978757.0,"Patreon: https://t.co/6cq1snzuyG
Painting videos and Tutorials: https://t.co/tlQK7ZsMDO
Art Prints: https://t.co/JPhUKU9OlD
Foundation:https://t.co/GEs8i942Gg",WLOP,2012-12-04 03:50:50+00:00,wlopwangling,1,Infra,Zee Prime,,,2022-12-21,672105.0,178.0,660.0,3904.0
56688840.0,"8X Olympic medalist, Venture, Entrepreneur, Speaker, NYT bestselling author, Dancing fan, Tech, Mental/Physical Health.",Apolo Anton Ohno,2009-07-14 13:09:54+00:00,ApoloOhno,1,Individual,Zee Prime,,,2022-12-21,253162.0,1805.0,17255.0,5034.0
3305063585.0,,Danielius Jakutis,2015-05-31 21:31:09+00:00,d_jakutis,1,Not Specified,Zee Prime,,,2022-12-21,131.0,276.0,333.0,4.0
1.4345713607565435e+18,developer @uqbarnetwork,hodzodğŸŒº,2021-09-05 17:37:38+00:00,hodzod_walrus,1,Individual,Dialectic,,,2022-12-21,672.0,508.0,329.0,10.0
128990079.0,"once upon a time, there wza dream who loved Jah so much, she had 2 sing about the life & times we mortals fare like a mozaic of existance that we all can hear",â­Jill Scottâ­,2010-04-02 21:05:22+00:00,missjillscott,Chad,Individual,Placeholder,,,2022-12-21,1778651.0,1208.0,22097.0,3578.0
1018783015.0,classique | gay techie | â™‹ï¸â™ï¸â™ï¸ | he/him,jaris,2012-12-18 02:00:26+00:00,real_jaris,1.5,Individual,IVC,,,2022-12-21,27110.0,1738.0,31057.0,34.0
1.5218781500990013e+18,Full bodied members of the Nouns ecosystem!,Nounbits (MINTING) âŒâ—¨-â—¨,2022-05-04 15:43:36+00:00,nounbits,1,Individual,Pantera,,,2022-12-21,130.0,208.0,80.0,5.0
1.2744367080676844e+18,"Camp Liberty founder. Freedom, pragmatism, & order. Systems thinking, electric transport, housing affordability, governance reform, and startup societies.",Balthazar Greene ğŸŒ,2020-06-20 20:22:11+00:00,soundtodesert,1,DeFi,Pantera,,,2022-12-21,190.0,235.0,8519.0,9.0
1.4826943770385777e+18,Representing South Asian women to put WOC on the blockchain!  | made on Indigenous land | Art by @ananya__1997 | https://t.co/S5srirbcM0,Brown Baddies | by Ananya ğŸŒŸğŸŒŸğŸŒŸğŸŒŸ,2022-01-16 12:41:11+00:00,BrownBaddiesNFT,1,Infra,Pantera,,,2022-12-21,2509.0,3192.0,1925.0,20.0
1.4961697246773985e+18,Sustainability expert in Fortune 500 company. Blockchain adopter. ENS believer.,savethread.eth,2022-02-22 17:07:33+00:00,savethreadETH,1,Infra,Pantera,,,2022-12-21,59.0,324.0,186.0,0.0
1.1088186645083464e+18,"#Bitcoin, Equities, Digital Assets",bitflakes,2019-03-21 19:52:25+00:00,goldflakes_,1,Individual,Pantera,,,2022-12-21,354.0,3100.0,2102.0,10.0
782855425.0,Father. Husband. Art Collector. OG Gazer. Proof Collective.,stu.art,2012-08-26 17:29:09+00:00,pisgahlily,1,NFT,Pantera,,,2022-12-21,589.0,1422.0,216.0,4.0
3280353660.0,Web3 podcast co-host. Investor. Golf hack.,Lee Chang | WLD Show Podcast,2015-07-15 07:37:17+00:00,ChangLeeWen,1,Infra,Pantera,,,2022-12-21,208.0,797.0,409.0,16.0
105950185.0,ğŸ‡¨ğŸ‡±,Raimundo Castro,2010-01-18 01:29:19+00:00,raimundocastrot,1,Not Specified,Pantera,,,2022-12-21,572.0,1905.0,2205.0,7.0
72437227.0,"Co-Founder/Janitor @crossmint. Abstracting the complexity of NFTs, one tool at a time. @stanford @harvard dropout. Ex @mckinsey, zen monk",Rodri Fernandez,2009-09-08 01:23:11+00:00,rodrifernandezt,1,Individual,Pantera,,,2022-12-21,1079.0,545.0,170.0,14.0
3241604682.0,,WAGS,2015-06-10 20:09:10+00:00,WAGS2249,1,Not Specified,Pantera,,,2022-12-21,62.0,1008.0,835.0,4.0
2805589572.0,insane about innovation and technology with extreme case of social unawareness.,saim zuberi,2014-09-12 14:01:48+00:00,saimzuberi,1,Individual,Pantera,,,2022-12-21,362.0,1327.0,350.0,0.0
8.520490221268869e+17,,Djordje Ugren,2017-04-12 06:41:31+00:00,ugren89,1,Not Specified,Pantera,,,2022-12-21,219.0,1188.0,225.0,0.0
178835428.0,Say something funny.......... whatever..... ğŸ˜,Munz,2010-08-15 20:42:12+00:00,smunley1,1,Individual,Pantera,,,2022-12-21,231.0,1802.0,4004.0,3.0
1.3710923260309053e+18,Playing in the market of limitless possibilities..,Dari Yosifov,2021-03-14 13:35:04+00:00,DariYosifov,1,Individual,Pantera,,,2022-12-21,91.0,1458.0,681.0,5.0
1.3725720841743933e+18,"ğŸ‡°ğŸ‡· #Blockchain #Defi & #NFT | Dev (JS/TS, Python, Rust)
VIEWS ARE MY OWN",pangduck.eth,2021-03-18 15:34:25+00:00,pangduck_eth,1,Infra,Pantera,,,2022-12-21,380.0,784.0,1241.0,9.0
1.25316787372553e+18,drifting along the waves,lost,2020-04-23 03:46:21+00:00,QuixoticdreamR,1,DeFi,Pantera,,,2022-12-21,214.0,797.0,4090.0,1.0
1.4816692736595845e+18,"Worshipping the almighty Algorithm. Too poor to Ape into Punks, but pretty sure wa(gm)i | Right Click Share #434 | Decagon #449 | lo-hi.eth","Hi-Lo (ğŸ”®,ğŸ”Ÿ,ğŸ¦´)",2022-01-13 16:49:12+00:00,BlameHiLo,1,Individual,Pantera,,,2022-12-21,294.0,1429.0,710.0,5.0
1.4011078462390764e+18,CoFounder of Girlfight Club ğŸ‘ŠğŸ»ğŸ’‹ Top50GlobalStudio Film Director. OG Goth ğŸ˜ˆ Bitcoin since 2010 / Carnegie Mellon . Husband of notorious Lori WalkingFeather.,DarkNRG,2021-06-05 09:25:36+00:00,Illuviumnaut,1,GameFi,Pantera,,,2022-12-21,1108.0,2146.0,15721.0,11.0
1.3271174790138266e+18,i make beats & then sing over them so people donâ€™t steal them.  They/Them,upperreality.eth,2020-11-13 05:14:07+00:00,upper_reality,1,Individual,Pantera,,,2022-12-21,289.0,629.0,882.0,4.0
2992305227.0,"Founder @babi_hub, Entrepreneur interested in IoT/Wearables/Health",Jonathon Hughes,2015-01-22 15:18:34+00:00,jlh_io,1,DeFi,Pantera,,,2022-12-21,87.0,598.0,65.0,15.0
1577564024.0,"Rent a Unit(kitchen, Bedroom,ensuite. SAFE) 0633515761",Fortune Ngcobo (bonie),2013-07-08 12:25:46+00:00,bonie027,1,Infra,Pantera,,,2022-12-21,431.0,2820.0,1020.0,3.0
1.3889490657491722e+18,Strategy @admit0001 ğŸŸ @9dccxyz ğŸ‘•,jiro.eth,2021-05-02 20:10:52+00:00,JiroNFT,1,Individual,Pantera,,,2022-12-21,9707.0,3631.0,4791.0,87.0
1.4404968621595197e+18,Dev #rawrPosting,halfRex,2021-09-22 02:03:33+00:00,notFungibleLove,1,Individual,Pantera,,,2022-12-21,484.0,894.0,1192.0,5.0
172114984.0,#Bitcoin,Jorge Duarte,2010-07-28 23:17:30+00:00,jorge_duarteke,1,Individual,Pantera,,,2022-12-21,383.0,998.0,474.0,7.0
209820281.0,"Real Estate Investor, Developer & Property Manager. NFT Investor. #MVHQ #ProofCollective *Never Financial Advice. Always Do Your Own Research*",Chris Cunningham,2010-10-30 00:16:36+00:00,chriscuningham,1,Individual,Pantera,,,2022-12-21,993.0,1059.0,4173.0,12.0
60626160.0,Mom. Wife. Yogi. Cancer Survivor.,Elizabeth,2009-07-27 15:31:05+00:00,bafsmom,1,Individual,Pantera,,,2022-12-21,84.0,479.0,104.0,1.0
3198689050.0,,Berkcan,2015-04-23 17:44:00+00:00,bayboerue,1,Not Specified,Pantera,,,2022-12-21,88.0,3520.0,301.0,3.0
2264148907.0,"Metaverse and Web3 strategist, advisor, and speaker. Director of Global Affairs @journeelive. Mixed Movement Artist & Composer.",Ida Kymmer,2013-12-27 10:27:45+00:00,idakymmer,1,Infra,Pantera,,,2022-12-21,715.0,468.0,1177.0,22.0
1.4732930643995075e+18,"19, he/they
@KERNEL0x #KB7
Listenerâ‡”Learner knowingly into the unknown
@globalcitizenyear . @reboot_hq

ex @dreamdao_, @all4climatedao",Arman-Karl Singh,2021-12-21 14:03:48+00:00,Karl_e_Arman,1,Individual,Pantera,,,2022-12-21,256.0,612.0,870.0,4.0
1.0874324149456609e+18,"Fantasy Player!âš¾
Entrepreneur!ğŸ¤ŸğŸ†
Patriot! ğŸ¹Nationalist!ğŸ…
Founder @Teeformeindia",Aviluciferase11,2019-01-21 19:31:06+00:00,aviluciferase11,1,Infra,Pantera,,,2022-12-21,506.0,806.0,991.0,0.0
538118811.0,"Business and Marketing guy  
Web3, Strategy & Marketing 
#Blockchain | #NFT | #Crypto | 
#VAL #PJPP #GodHatesNFTees  #VeeFriends
#gm culture",Ari Gold,2012-03-27 10:03:53+00:00,aritozla,1,Infra,Pantera,,,2022-12-21,118.0,512.0,420.0,1.0
37906635.0,#Bitcoin,CeasefireXXV,2009-05-05 11:46:26+00:00,ceasefirexxv,1,Individual,Pantera,,,2022-12-21,124.0,340.0,2141.0,3.0
93027123.0,"Collector of everything. Builder of things. Racer of cars. Player of pinball. Find me @ BAYC, MB, CC, ADMIT-ONE, CPGPOP and @EscapeMegaverse",Bam,2009-11-27 19:02:11+00:00,0xBam,1,Infra,Pantera,,,2022-12-21,867.0,1515.0,371.0,13.0
1.4887148218853868e+18,ÎthÎrÎum rocks my socks. Head of Operations at ZenAcademy.,Mushrooooom ğŸ”®ğŸ„,2022-02-02 03:24:13+00:00,MushrooooomNFT,1,Individual,Pantera,,,2022-12-21,671.0,1467.0,329.0,38.0
1654185288.0,,MorroDad,2013-08-08 00:46:25+00:00,kmo470,1,Not Specified,Pantera,,,2022-12-21,82.0,960.0,458.0,3.0
47998818.0,"Editor In Chief @mybff. Former Editor at Large @linkedinnews, Founder of @fortunemagazineâ€™s The Broadsheet. Always focused on advancing women. Forever @DukeU.",Caroline Fairchild,2009-06-17 15:36:17+00:00,CFair1,1,Individual,Pantera,,,2022-12-21,10630.0,1804.0,4959.0,426.0
357784454.0,,The Secrets of Fame,2011-08-18 22:14:25+00:00,SECRETSofFAME,1,Not Specified,Pantera,,,2022-12-21,13641.0,496.0,62.0,32.0
7.61767333568258e+17,"If you know, you know @TacticalTigerz @KaijuKingz",Abcission,2016-08-06 03:34:20+00:00,Seung_Jun_Lee,1,Individual,Pantera,,,2022-12-21,464.0,2712.0,302.0,9.0
1.1229116200726528e+18,"Kendi Ã§apÄ±nda, kendi finansÄ±, ytd",Emre,2019-04-29 17:12:47+00:00,KonuFinans,1,Individual,Pantera,,,2022-12-21,62.0,667.0,1053.0,4.0
1237036728.0,,äºŒé¤…æ§˜,2013-03-03 00:06:14+00:00,2twopie,1,Not Specified,Pantera,,,2022-12-21,66.0,396.0,111.0,9.0
478429023.0,I am all about the #future! #philosophy #technology #education #psychology #energy #ideas #understanding #value #resources #reality #health #happiness #wisdom,John Manedrake,2012-01-30 08:27:53+00:00,Xrayhighs,1,Individual,Pantera,,,2022-12-21,323.0,908.0,12221.0,9.0
7.027804146923438e+17,,Liberty Middle Way,2016-02-25 09:01:22+00:00,way_liberty,1,Not Specified,Pantera,,,2022-12-21,144.0,1275.0,15834.0,10.0
4170100454.0,#AI & #Web3 Entrepreneur | Ex-Tencent ï½œNFT collector | #Strxngersï½œHiring talentsâ€¦ å¯ä»¥æè‰ºæœ¯ï¼Œä½†æ˜¯æ²¡å¿…è¦ã€‚,Chenboos âŒâ—§-â—§ ğŸ‘,2015-11-08 16:49:24+00:00,chenboos5,1,Infra,Pantera,,,2022-12-21,2528.0,1804.0,599.0,56.0
9.077868879176991e+17,Aspiring alpha giver and community builder | @silphcocapital,Synth,2017-09-13 02:03:54+00:00,Synth0_0,1,Individual,Pantera,,,2022-12-21,629.0,873.0,1234.0,14.0
2792643093.0,"technologist // architecture, state machinery, capital markets â€¢ â‚¿ â€¢ views my own â€¢ ğŸŒ³ğŸ´ğŸ—½â˜¦ï¸ ğŸ¸",á‰¾,2014-09-29 19:46:13+00:00,NaolDuga,1,Individual,Pantera,,,2022-12-21,661.0,1998.0,2407.0,73.0
7.779588845312e+17,"optimizer|SuperDeFi
Blockchain Engineer | @xorddotcom | @unipilot_io
DeFi Researcher",Asim Raza,2016-09-19 19:53:46+00:00,0xasimraza,1,Infra,Pantera,,,2022-12-21,101.0,454.0,28.0,4.0
9.277756937772728e+17,Building things. @southpkcommons. Co-founded 3 startups (1 exit) & built a bunch of products. Still chasing my itch. Dropped out of @nyuniversity.,Yasir,2017-11-07 05:52:17+00:00,Exploringfornow,1,NFT,Pantera,,,2022-12-21,715.0,747.0,40.0,12.0
1.252312531261104e+18,CS and Phil @dukeU | @microsoft | supporting women in tech,priyanshi,2020-04-20 19:05:55+00:00,priyanshiahujaa,1,Individual,Pantera,,,2022-12-21,257.0,589.0,887.0,0.0
8.233771317534065e+17,"cofounder @DexibleApp | in @ATXDAO, @Lobby3_DAO, @InternDAO, & @CityDAO; overstuffed w/alpha. I'm hiring! dms are open",officialmitchell.eth,2017-01-23 03:49:40+00:00,_themitch_,1,Individual,Pantera,,,2022-12-21,658.0,460.0,1073.0,12.0
1.4705116411334656e+18,Collecting JPEGs I like the most â›©ï¸ PFP: @AzukiOfficial Banner: @PonderingDraw,Sealer,2021-12-13 21:51:21+00:00,xSealerx,1,Individual,Pantera,,,2022-12-21,1014.0,2469.0,2078.0,18.0
7.113673667567206e+17,"Kubernetes SIG Security co-chair, container escape artist, goose in the mainframe. They/them. Stay punk ğŸ´",Ian Coldwater,2016-03-20 01:42:51+00:00,IanColdwater,1,NFT,Pantera,,,2022-12-21,91354.0,917.0,110066.0,1233.0
1.4651402027883315e+18,Host of @ShiftingPod | Ex-Bytedance | Blockchain @Columbia | Interested in mental models and positive feedback loops,SW | ShawnWang.eth,2021-11-29 02:07:14+00:00,0xShawnWang,1,DeFi,Pantera,,,2022-12-21,432.0,629.0,352.0,13.0
3303312051.0,Social Media / Newsletter / Events @blockworks_,Miguel Cruz ğŸŸª,2015-05-30 01:43:56+00:00,gmmiguelcruz,1,Individual,Pantera,,,2022-12-21,283.0,1338.0,827.0,11.0
1.4319866901938258e+18,"Trader, researcher, analyst, and shitposter. 
Educating and building in crypto.

Follow along to learn more about surviving in crypto!
Founder @ BlockchainRehab",Krabs,2021-08-29 14:27:08+00:00,nft_associate,1,DeFi,Pantera,,,2022-12-21,771.0,1944.0,618.0,5.0
1.4254771177776947e+18,Empowering the new generation of footwear creators. Founder @futures_nft @satoshi_studio. Mentor @farfetch x Outlier Ventures,"Santoromero (â›“,ğŸ‘Ÿ) @futures_nft",2021-08-11 15:20:13+00:00,nicosantoromero,1,GameFi,Pantera,,,2022-12-21,1356.0,1065.0,320.0,12.0
18591015.0,"web3 24/7 @unitedtribesio, Fndr: https://t.co/y8nm65LiNW, frm Warner Bros EIR, Fndr @agogo; Fndr @modernfeed (aka Clicker acqâ€™d by CBS); Fndr, Rioport; Frm KCRW BOD",J.D. Heilprin,2009-01-04 00:32:36+00:00,jdagogo,1,Infra,Pantera,,,2022-12-21,565.0,1648.0,1645.0,47.0
4124275765.0,Founder of @happibank | Building Credit Led NeoBank for Underserved Youths.,Kazi Sazidul Hasan ğŸ‡§ğŸ‡©,2015-11-04 13:15:24+00:00,Sazidhappi,1,Individual,Pantera,,,2022-12-21,86.0,1010.0,242.0,0.0
1.5480089967448105e+18,Here for NFTs Crypto and good vibes!!,Fobev82,2022-07-15 18:18:11+00:00,Fobev1982,1,Individual,Pantera,,,2022-12-21,120.0,535.0,410.0,0.0
1.5572282577703404e+18,"avg degen who is super bullish on web3
volunteering @0xTPH after my 9-5 ğŸš€
decentralisation maxi
âœï¸ @ Substack - Proof-of-Learning",pulkyeet.eth/.lens ğŸš€,2022-08-10 04:52:15+00:00,pulkyeet,1,Infra,Pantera,,,2022-12-21,114.0,1144.0,321.0,2.0
1.4635861381620367e+18,defi & defi derivatives | smart contract security,mahesh.lens,2021-11-24 19:12:04+00:00,___Maheshhh,1,NFT,Pantera,,,2022-12-21,262.0,4146.0,47.0,7.0
1.5486944985402327e+18,"NFT Express is content platform specialized in the vast world of NFTs, and the impact of this technology across different industries.

D: https://t.co/qHbg2JjWZs",NFT Express | ğŸ‡ºğŸ‡¸,2022-07-17 15:42:03+00:00,NFTexpress_EN,1,Infra,Pantera,,,2022-12-21,311.0,242.0,589.0,0.0
1.3932815901476577e+18,"Web analyst by day, crypto witch by night. Founder @ntmi_xyz",ochris.eth,2021-05-14 19:06:43+00:00,ochris___,1,Individual,Pantera,,,2022-12-21,456.0,1703.0,1130.0,13.0
28310504.0,Founder of Contemporary Technology University & @EarlyStation Alumni @Harvard & @unibogazici Molecular Biology & Genetics.,Volkan Karabacak,2009-04-02 09:43:52+00:00,temlay,1,Individual,Pantera,,,2022-12-21,2764.0,467.0,774.0,10.0
1.3819827197191823e+18,"biased, good opinion haver. become unaffiliatable. schizo stoic (I work in crypto)",Sai,2021-04-13 14:49:11+00:00,saiweng_,1,Individual,Pantera,,,2022-12-21,1118.0,1618.0,4367.0,36.0
1.4915009104550093e+18,Aspiring degen @joinsharexyz,bigimot,2022-02-09 19:56:05+00:00,bigimot5824,1,Individual,Pantera,,,2022-12-21,60.0,933.0,101.0,5.0
1.4177299112849326e+18,"Thinking widely, connecting deeply â¤ï¸",Harrison ğŸ’—,2021-07-21 06:15:33+00:00,harry_lee_,1,Individual,Pantera,,,2022-12-21,130.0,492.0,1325.0,1.0
832070630.0,"system designer ğŸŒ± @crowdmuse @signcapsules @thepowerco_ 
// ğŸ‘¥ @mindmeldpod // ğŸ’¸ @seedclubvc",ÎMON,2012-09-18 23:11:31+00:00,eimsoliman,1,Individual,Pantera,,,2022-12-21,648.0,1674.0,367.0,21.0
1.4317088883242066e+18,í•˜ì•„..,CCCYC,2021-08-28 20:03:01+00:00,qhswjs12,1,Not Specified,Pantera,,,2022-12-21,172.0,677.0,405.0,2.0
36497585.0,ğŸ’š Founding team @feiprotocol prev. @ConsenSys @ConsenSysAudits @ncino @defensestorm,Brianna (bri.eth) ğŸ‘½ğŸ¦‡ğŸ”Š,2009-04-29 22:06:08+00:00,BriannaPageM,1,Infra,Pantera,,,2022-12-21,3777.0,1169.0,1065.0,78.0
1.0036228594854011e+18,,Vita,2018-06-04 13:01:50+00:00,vita__sg,1,Not Specified,Pantera,,,2022-12-21,1039.0,329.0,484.0,13.0
1.1895092547487498e+18,The gateway to web3 social.  ğŸ“² Powered by: @LensProtocol ğŸŒ¿  Discord: https://t.co/EhqHKSKUWL ğŸ¦„ #phaverfrens,"Phaver (ğŸ¦„,ğŸŒ¿)",2019-10-30 11:48:15+00:00,phaverapp,Chad,Infra,Polychain,,,2022-12-21,90224.0,30.0,898.0,184.0
1.448894015093416e+18,sweep sweep sweep,SweeperDAO,2021-10-15 06:10:42+00:00,sweeperdao,1.5,Not Specified,Binance labs,,,2022-12-21,1475.0,27.0,22.0,17.0
8.125058767540388e+17,Founder of Singaporeâ€™s 1st NFT Bar @theparloursg,jaye ğŸ‡¸ğŸ‡¬,2016-12-24 03:51:11+00:00,jayefunk,1.5,Individual,Binance labs,,,2022-12-21,14168.0,5574.0,749.0,4.0
1.4628459342792745e+18,"Shattered EON | Multiplayer Sci-Fi Strategy Game

""At the Edge of Ruin, a Beacon of Hope Illuminates the Voidâ€”Pytheas. Abandon Your Fate, Claim Your Destiny.""",Shattered EON,2021-11-22 18:11:15+00:00,ShatteredEON,1.5,Infra,Binance labs,,,2022-12-21,3185.0,142.0,856.0,34.0
29014224.0,"LA, journalist, @USC alum | web3 editor @137pm @vaynermedia | freelance @thisisinsider | past: @news9 @abc7 @cbsla | https://t.co/e7UHkdrYLe",Erika Lee,2009-04-05 16:35:03+00:00,erikaleetv,1.5,Infra,Binance labs,,,2022-12-21,12210.0,5965.0,13887.0,102.0
1.4762497462894346e+18,VC Unleashed is a global community of BIPOC MBA investors. Brought to you by @benbeeninvested @Mal_Bell_ @michelleisvc @tlaltweets,VC Unleashed,2021-12-29 17:52:51+00:00,VcUnleashed,1.5,Individual,Binance labs,,,2022-12-21,691.0,394.0,378.0,12.0
242337227.0,"Oil & Gas, Head of fundraising in blockchain, https://t.co/Uxx2njbXhB marketing advisor at https://t.co/WLEfieIwwj & IQZONE and Global director of https://t.co/EBbpRQPqAg & NFT geek",Ari Gold ( Ahmed Toumi),2011-01-24 15:06:17+00:00,ArigoldDXB,1.5,Infra,Binance labs,,,2022-12-21,333.0,1027.0,7444.0,49.0
15035096.0,"Deep in data @CrunchbaseNews - cover venture, female founders, fintech @TechCrunch alumni https://t.co/PSocP81ZnW",GenÃ© Teare,2008-06-07 02:56:42+00:00,geneteare,1.5,Data,Shima,,,2022-12-21,2315.0,1520.0,739.0,108.0
1.5813093550051901e+18,"â€¢Web App

â€¢Mobile application

â€¢ UI/UX 

â€¢ Promote

â€¢ Software solutions 

OVER 100+ PROJECTS COMPLETED",Highscore_tech,2022-10-15 15:42:12+00:00,HighscoreTech,1.5,Individual,Shima,,,2022-12-21,336.0,241.0,109.0,0.0
1.4230433072659538e+18,"BD, Partnerships & Strategy @Bond_Protocol",bigfishjoe,2021-08-04 22:09:17+00:00,bfjoe1,1,Infra,Lemniscap,,,2022-12-21,142.0,495.0,100.0,8.0
1.0899736635903754e+18,,gumi Cryptos Capital,2019-01-28 19:49:06+00:00,GumiCryptos,1,Not Specified,Hypersphere,,,2022-12-21,3298.0,100.0,47.0,98.0
1.1765225355313603e+18,U.S. Congressman Proudly Representing the Ninth District of North Carolina,Rep. Dan Bishop,2019-09-24 15:43:47+00:00,RepDanBishop,1,Individual,Hypersphere,,,2022-12-21,38608.0,574.0,4165.0,461.0
232901331.0,Public Enemy #1,Dan Bongino,2011-01-01 17:50:03+00:00,dbongino,1,Individual,Hypersphere,,,2022-12-21,3802272.0,1399.0,33450.0,7344.0
20545835.0,"Real News for Real People. 

Watch NEWSMAX, an independent news network with a conservative perspective, available in 100M+ U.S. homes: https://t.co/rs8XZDalW3",NEWSMAX,2009-02-10 21:04:49+00:00,NEWSMAX,1,Individual,Hypersphere,,,2022-12-21,1955321.0,662.0,165142.0,5717.0
33608041.0,"Actor, director, producer, author.",Kevin Sorbo,2009-04-20 18:21:04+00:00,ksorbs,1,Individual,Hypersphere,,,2022-12-21,1504410.0,387.0,19132.0,2860.0
1.2128060539071857e+18,"Fair Minded @foxnews  Contributor, Podcast Host, Civil Rights Attorney, Author, Fmr School Teacher. Leo 2.0 on @KABCRadio 5p M-F https://t.co/OCMYXgXaK2",TheLeoTerrell,2020-01-02 18:41:53+00:00,TheLeoTerrell,1,Individual,Hypersphere,,,2022-12-21,1540095.0,183.0,18773.0,1378.0
15212187.0,"ğŸ‡ºğŸ‡¸ God, Family, America ğŸš€ Pod - The Benny Show ğŸ“º Host - The Benny Report on Newsmax ğŸ’€ The Left Canâ€™t Meme on Parler ğŸ¥ TPUSA ğŸ“° Journalist",Benny Johnson,2008-06-23 21:33:20+00:00,bennyjohnson,1,Individual,Hypersphere,,,2022-12-21,1206924.0,2210.0,71902.0,3805.0
1.467931973616386e+18,"Christian, Proud AmericanğŸ‡ºğŸ‡¸, Dog LoverğŸ¦®, 1st and 2nd Amendment AdvocateğŸ“œ",Kyle Rittenhouse,2021-12-06 19:00:41+00:00,ThisIsKyleR,1,Individual,Hypersphere,,,2022-12-21,935034.0,359.0,1077.0,1025.0
931286316.0,"I helped defeat Hillary, Cheney, & organized the Baltimore cleanup. Not stopping for a gosh darn second.",#ThePersistence,2012-11-07 05:23:07+00:00,ScottPresler,1,Individual,Hypersphere,,,2022-12-21,1306022.0,31426.0,103004.0,2871.0
34455698.0,Reformed Drug Dealer | Active Alcoholic | White Trash | Piece of Shit | MMA FAN | Father of a Beautiful Girl,Jelly Roll,2009-04-23 00:11:42+00:00,JellyRoll615,1,Individual,Hypersphere,,,2022-12-21,145881.0,2204.0,5550.0,273.0
1.428666289623638e+18,"The Public Relations Team for the IEA Government. Working for and on behalf of Suhail Shaheen, the spokesman for the Islamic Emirate of Afghanistan.",Islamic Emirate of Afghanistan Public Relations,2021-08-20 10:32:45+00:00,PublicAfghan,1,Individual,Brevan Howard,,,2022-12-21,1543.0,469.0,13172.0,9.0
1.4107639585505567e+18,"Parody / Satire. Music, stonks, and crypto; Individual investor expressing opinions",gamestomper ğŸ´â€â˜ ï¸,2021-07-02 00:55:15+00:00,gamestomp42069,1,Infra,Brevan Howard,,,2022-12-21,0.0,0.0,4116.0,0.0
147109476.0,a work in progress | charity trustee | mentor | wrangler of 2 boys | tea / gin | be brilliant at the basics | make good trouble | she /her,Lisa Clavering,2010-05-23 06:53:44+00:00,LisaClavering,1,Infra,Blockchain capital,,,2022-12-21,3138.0,1355.0,33323.0,63.0
1.408585267632644e+18,@yugalabs community manager,Mr. Eth,2021-06-26 00:38:03+00:00,MISTERETHEREUM,Chad,Individual,Jump Crypto,,,2022-12-21,4163.0,1474.0,803.0,12.0
1.6038319276093604e+18,,John Rivas,2022-12-16 19:18:50+00:00,johnrivasstudio,1,Not Specified,Animoca Brands,,,2022-12-21,59.0,2.0,0.0,0.0
1.4128368602928456e+18,An NFT project 19 years in the making by @thehundreds.,Adam Bomb Squad,2021-07-07 18:12:23+00:00,AdamBombSquad,1,Individual,Animoca Brands,,,2022-12-21,57460.0,34.0,6830.0,306.0
1.5722817449378488e+18,"Be a Utopian - Join our community as we seek innovation and disrupt notions of access and utility using web-3 technology.

https://t.co/1EjJJw4hHf",Utopia Avatars,2022-09-20 17:50:01+00:00,UtopiaAvatars,1,Individual,Animoca Brands,,,2022-12-21,19510.0,19.0,26.0,50.0
1.4669716773890376e+18,Web3 Writer & threador ğŸ–‹| Simplifying Defi | Documenting my quest for financial freedom | ğŸ‡¦ğŸ‡º,Jake Pahor,2021-12-04 03:25:05+00:00,jake_pahor,1,Infra,Animoca Brands,,,2022-12-21,1879.0,795.0,1332.0,68.0
1.5237934534814802e+18,Decentralized sports exchange powered by liquidity pools on Solana. Summer Camp Hackathon defi track winners Discord: https://t.co/BBQjQPV7A9,Props,2022-05-09 22:34:12+00:00,poolprops,1,DeFi,Animoca Brands,,,2022-12-21,1779.0,40.0,1815.0,23.0
1.4281878670256579e+18,Moose Talk | @PudgyPenguins,Moose,2021-08-19 02:51:44+00:00,JoeyMooose,1,Individual,Animoca Brands,,,2022-12-21,32860.0,2512.0,18773.0,99.0
21981333.0,"@littlefreakclub x @graffealgorand 351 (pfp), Banner: @AlgoAbstraction",conscious.algo,2009-02-26 06:08:02+00:00,conscious_algo,1,Individual,Animoca Brands,,,2022-12-21,681.0,869.0,59.0,9.0
7.033423111582556e+17,@ebergcapital Partner | @superf3st advisor | IRL Maxi,"ajehrenberg.eth âš¡ï¸âš¡ï¸âš¡ï¸ (ğŸ«¡, ğŸ«¡)",2016-02-26 22:14:09+00:00,AJEhrenberg_,1,NFT,Animoca Brands,,,2022-12-21,1049.0,2143.0,1205.0,21.0
2824015105.0,Currently building @JoinChloe (we're raising) ğŸ ğŸ’³ Co-Founder & Prev. CEO @Zentap â˜ Forbes 30u30 2021 ğŸ†,Eyal Cohen â˜,2014-09-21 10:47:36+00:00,EyalCCohen,1,Individual,Animoca Brands,,,2022-12-21,291.0,561.0,350.0,16.0
1.500741852642693e+18,"helping homeowners create better financial outcomes by unlocking home equity ğŸ ğŸ’³ğŸ’¸ 

where homeowners get their news: https://t.co/EWlqd5Atmp",Chloe,2022-03-07 07:55:34+00:00,JoinChloe,1,Individual,Animoca Brands,,,2022-12-21,31.0,40.0,55.0,0.0
1.1942720711336018e+18,"For anyone hungry to build a better wayâ€”startup or student, mentor or maker, CTO or see-whatâ€™s-out-thereâ€”it can happen in Houston. Start here.",The Ion Houston,2019-11-12 15:14:40+00:00,TheIonHouston,1,NFT,Animoca Brands,,,2022-12-21,1749.0,195.0,909.0,25.0
8.491799112145551e+17,"The AI Powered Financial Data Platform For #LevFin. 
FREE insights or trial ğŸ‘‰ https://t.co/RlOLAuGnv0
#HighYield #Distressed #LevLoans",9fin,2017-04-04 08:40:42+00:00,9finHQ,1,DeFi,Animoca Brands,,,2022-12-21,2434.0,963.0,4077.0,53.0
18775907.0,"#singer, #songwriter, #producer of #dancepop #synthpop #synthwave #retrowave Songcamper @songcamp_ @headless_chaos ğŸ• #web3 #nft product of the #80s ğŸ‘¾",L.Ariel is CHAOS,2009-01-08 19:40:59+00:00,larielmusic,1.5,Infra,6th Man Ventures,,,2022-12-21,1342.0,2874.0,6138.0,34.0
9.136609885906575e+17,"Social engineering & hacking videos, training, talks, tests, & workshops to protect the human element of security. Here to help your org get politely paranoid.",SocialProof Security,2017-09-29 07:05:29+00:00,socialproofsec,1.5,Infra,6th Man Ventures,,,2022-12-21,5022.0,666.0,549.0,66.0
2429319144.0,24 // ARTIST â€¢ NFT â€¢ YOUTUBE // SuperRare/NiftyGateway ğŸ’https://t.co/7VB9M7odWp https://t.co/vkFImSOxlEâ€¦,vexx.eth,2014-04-05 18:53:04+00:00,vexx_art,Chad,NFT,Variant Fund,,,2022-12-21,54737.0,1060.0,6044.0,95.0
9.143449699383665e+17,Those who do not manage their risk will have the market manage it for them.,Zoran Kole,2017-10-01 04:23:23+00:00,Captain_Kole1,Chad,Individual,Variant Fund,,,2022-12-21,91714.0,301.0,6826.0,1530.0
1.2876060898491515e+18,"decentralized rts game, built with zk-snarks on @ethereum and @gnosischain | https://t.co/kgGMzr0M8E",dark forest,2020-07-27 04:30:01+00:00,darkforest_eth,Chad,ZK,Variant Fund,,,2022-12-21,24704.0,110.0,1490.0,460.0
1214941477.0,Web 3 Architect & founder of Crypto fund https://t.co/lmzghyhbFB,Champ Medici,2013-02-24 08:57:35+00:00,champmedici,Chad,Individual,Variant Fund,,,2022-12-21,67832.0,1087.0,4327.0,182.0
1.4383902269220782e+18,Earning yield has never been so simple with structured products. https://t.co/5oUfknFwBG,Thetanuts Finance,2021-09-16 06:32:30+00:00,ThetanutsFi,Chad,DeFi,Galaxy digital,,,2022-12-21,12375.0,99.0,493.0,202.0
387143198.0,Co-founder + CTO of Stealth TechBio StartUp,Emma West,2011-10-08 15:00:01+00:00,_emmarosewest,Chad,NFT,Galaxy digital,,,2022-12-21,1231.0,871.0,362.0,4.0
1.20446423872444e+18,"Please explain it to me like I'm 5 years old. 
Building & sharing climate solutions @parachute_earth, Founding fellow @worldsfairco. Former @UCLA_csolutions.",Lyn Stoler,2019-12-10 18:13:53+00:00,stolerlyn,Chad,NFT,Galaxy digital,,,2022-12-21,267.0,529.0,92.0,5.0
17026589.0,"Macro-energy systems engineering, optimization, and policy w/a focus on electricity. Prof @EPrinceton (MAE) & @AndlingerCenter. PI of ZERO Lab. Personal account",JesseJenkins,2008-10-28 19:16:17+00:00,JesseJenkins,Chad,Individual,Galaxy digital,,,2022-12-21,71890.0,11693.0,83638.0,1803.0
178889277.0,"I discovered a new framework for understanding the housing bubble, the financial crisis, and costly housing markets.

See my substack link for ongoing analysis.",Kevin Erdmann,2010-08-15 23:43:04+00:00,KAErdmann,Chad,Individual,Galaxy digital,,,2022-12-21,5207.0,478.0,18373.0,159.0
753643111.0,"Known Pioneer of the LBO (Leading Bitches On), VP Barista @ Cap One Cafe M&A (Macchiatos and Americanos), Forbes 30u30 Most Ran Thru Men. Lover of Shareholders",ğŸ…¿ï¸,2012-08-12 19:22:26+00:00,the_P_God,Chad,Individual,Galaxy digital,,,2022-12-21,4564.0,735.0,14820.0,15.0
1.2229487940499333e+18,making stuff for the Internet | bizops @replit,Horacio â •,2020-01-30 18:25:04+00:00,HL3rd_,Chad,Infra,Galaxy digital,,,2022-12-21,140.0,911.0,267.0,6.0
1156144274.0,"BD, GC @Replit | Startups/VC | Lawyer âš– | ğŸ‘¼  Investor | Ex @BloomTech, @Amazon, @MoFoLLP. Writes re tech, biz, law, and leadership. Too many passions.",Cecilia Ziniti,2013-02-07 05:41:28+00:00,CeciliaZin,Chad,NFT,Galaxy digital,,,2022-12-21,1109.0,4607.0,891.0,21.0
25908551.0,"AI, robotics, & creative projects shared here ğŸ§ ğŸ¦¾ğŸ¨

Currently at @covariantAI

ğŸª¶ https://t.co/lOSBAcwJYw",Justin Alvey,2009-03-22 23:44:49+00:00,justLV,Chad,Individual,Galaxy digital,,,2022-12-21,2065.0,322.0,156.0,44.0
1.2270085375257354e+18,ä¸”è½ä¸‹æ–‡åˆ†è§£,ğŸ–,2020-02-10 23:16:58+00:00,echetus,Chad,Not Specified,Galaxy digital,,,2022-12-21,5626.0,2309.0,407.0,28.0
18968646.0,"learning to be healthier, calmer, more balanced and Spirit-animated. Founder- Shopinas, Society for Spiritual Awakening, former president of D&B Philippines",sheila lina,2009-01-14 05:57:17+00:00,sheilalina,Chad,Individual,Galaxy digital,,,2022-12-21,1695.0,1590.0,8095.0,15.0
9.704689048280556e+17,"botando pregos em tomadas
com martelos de plÃ¡stico",pleonasmo2ponto :Ã,2018-03-05 01:19:52+00:00,pleonasmo2ponto,Chad,NFT,Galaxy digital,,,2022-12-21,55.0,264.0,1137.0,0.0
60310843.0,"CTO/Co-founder Hamon Technologies ğŸ‘”. Husband, Father ğŸ‘¨â€ğŸ‘©â€ğŸ‘¦â€ğŸ‘¦, Calligrapher âœ’ï¸, Karateka ğŸ¥‹Muslim ğŸ•‹, Keralite. ğŸ“¼ğŸ’¾",Noufal Ibrahim,2009-07-26 14:06:53+00:00,noufalibrahim,Chad,Individual,Galaxy digital,,,2022-12-21,2701.0,1149.0,12074.0,148.0
1.5205550384137871e+18,"Solana Core Dev (Beta) | Former Audio Embedded DSP Engineer @ ğŸ (AirPods) | IRL (ğŸ‚ , ğŸ§—â€â™‚ï¸) | All views are my own, retweets are not endorsements & NFA",ZenLlama,2022-05-01 00:06:00+00:00,zen_llama,Chad,Individual,Galaxy digital,,,2022-12-21,1747.0,529.0,1459.0,13.0
1.4788912328645304e+18,minimal urban photography on iPhone / beer & jpegs / SuperRare artist / Nifty Gateway Publisher / NFTs â†’ https://t.co/QcMNDePklX,eskylabs.eth â¥ SR,2022-01-06 00:49:00+00:00,eskylabs,Chad,NFT,Galaxy digital,,,2022-12-21,4444.0,1952.0,30016.0,45.0
1261617626.0,complex systems & nonsense - here for the infinite friendship. Looking for data science/analytics mentors :),Barry,2013-03-12 10:04:19+00:00,TheGrandBlooms,Chad,Data,Galaxy digital,,,2022-12-21,854.0,693.0,4488.0,12.0
1.16607641833105e+18,GRAPHIC DESIGN + @99reference,SIMÃ‰ON H.,2019-08-26 19:54:38+00:00,smnhv,Chad,Individual,Galaxy digital,,,2022-12-21,1221.0,499.0,8524.0,5.0
1050726746.0,"Ø¨Ø§Ø­Ø« Ø£ÙƒØ§Ø¯ÙŠÙ…ÙŠ, Ø²Ù…Ø§Ù„Ø© Ø¯ÙƒØªÙˆØ±Ø§Ù‡
PhD Candidate
Researching ML/ANN in Geoscience (Mainly in Hydrogeology, Hydrogeochemistry and Isotopes)",Khalid G. Khair,2012-12-31 16:44:31+00:00,Ne_oL,Chad,Individual,Galaxy digital,,,2022-12-21,352.0,831.0,14658.0,6.0
3943659972.0,"immunology & stem cell biology-
tissue culture in startups & basic research

ğŸ‡ºğŸ‡¸ğŸ‡®ğŸ‡ªğŸ‡«ğŸ‡® citizen, reading, running, climbing, irish harp, paleontology, sleep",Ruth Hook,2015-10-19 05:36:02+00:00,ruthhook_,Chad,NFT,Galaxy digital,,,2022-12-21,1134.0,812.0,416.0,9.0
1.240344633013502e+18,"Trying to understand the world

(my relationship to twitter: https://t.co/YerwcDE1CV)",Eli Tyre,2020-03-18 18:30:07+00:00,EpistemicHope,Chad,Individual,Galaxy digital,,,2022-12-21,1517.0,156.0,10962.0,48.0
413828953.0,Artist from Portland 3D & AI,drbolick,2011-11-16 09:25:56+00:00,robertbolick,Chad,NFT,Galaxy digital,,,2022-12-21,1111.0,879.0,1595.0,25.0
7.482672729390203e+17,Senior Research Manager at @nvidia. Adjunct Professor at @TU_Muenchen. Views are my own.,Laura Leal-Taixe,2016-06-29 21:29:55+00:00,lealtaixe,Chad,Individual,Galaxy digital,,,2022-12-21,8456.0,113.0,417.0,90.0
1.3595025451866194e+18,17yo || Engineering intern at @aztecnetwork,Beno.noir,2021-02-10 14:01:12+00:00,YtzBeno,Chad,Individual,Galaxy digital,,,2022-12-21,513.0,286.0,396.0,21.0
1.5908602815714304e+18,founder at web3/crypto startups,raremax,2022-11-11 00:14:07+00:00,raremaxi,Chad,Infra,Galaxy digital,,,2022-12-21,88.0,232.0,80.0,1.0
4834250152.0,"3â†—ï¸/ğŸŒ•/AL. simping @stanfordpvp. prev. @blockchainucla. researcher @ FungibleLabs, ğŸªâ–ˆâ–ˆâ–ˆâ–ˆâ–ˆ memes and dreams","anh (ğŸ® , ğŸª)",2016-01-22 04:33:41+00:00,anhagape,Chad,Infra,Galaxy digital,,,2022-12-21,1210.0,480.0,422.0,10.0
5332492.0,"Explorer. Code, design, and mountains. Building @Shopify Previously @Wise @CARTO",Carlos MatallÃ­n,2007-04-20 15:07:14+00:00,matallo,Chad,Infra,Galaxy digital,,,2022-12-21,1512.0,534.0,49857.0,149.0
1.053247241618686e+18,"ğŸ¥·ğŸ½ ai, physics, web3, gaming. ğŸ—ï¸ @dfinity",samuel.,2018-10-19 11:31:25+00:00,LucidSamuel_,Chad,Infra,Galaxy digital,,,2022-12-21,11591.0,478.0,16544.0,62.0
27867782.0,crypto. #bitcoin. web3. bikes | VP of the Board @theCryptoValley. Business Development @Adnovum. Cycling blogger @leTemps,JÃ©rÃ´me Bailly,2009-03-31 13:23:28+00:00,JeromeBailly,Chad,Infra,Galaxy digital,,,2022-12-21,2913.0,442.0,13914.0,199.0
2740993958.0,"Environmental philosopher and writer - researching theories and aesthetics of nature. The sublime.
@SSSHARC @Sydney_Uni @NiCHE_Canada","Nanda Jarosz, PhD",2014-08-18 01:55:59+00:00,NandaJarosz,Chad,Individual,Galaxy digital,,,2022-12-21,559.0,1692.0,467.0,4.0
1.4557307037070868e+18,President at Avecom | Web1 OG | Integrating eCommerce with Web3 @LoyalRewards | https://t.co/uQ5jQQCjx1,Mike-Loyal,2021-11-03 02:57:20+00:00,CoinWaters,Chad,Infra,Galaxy digital,,,2022-12-21,101.0,531.0,75.0,0.0
945961.0,"Product lead for YouTube homepage and recommendations since 2014. Opinions are my own, not my employer's.",Todd B.,2007-03-11 19:09:49+00:00,hitsman,Chad,Individual,a16z,,,2022-12-21,6760.0,657.0,1351.0,47.0
358695512.0,"Stanford PhD @StanfordSVl; Working on a new thing, Founding member @ Aibee; #ComputerVision #Robotics #AI #ML",Amir Sadeghian,2011-08-20 10:21:03+00:00,_amirabs,Chad,Infra,a16z,,,2022-12-21,1240.0,270.0,351.0,55.0
15653918.0,Continually curious about the ever-increasing quantification of marketing.,Jim K,2008-07-30 00:25:48+00:00,heyjimk,Chad,Individual,a16z,,,2022-12-21,251.0,1048.0,101.0,8.0
1.3777886696883446e+18,,yangz95.eth,2021-04-02 01:03:53+00:00,Yang22492329,Chad,Not Specified,a16z,,,2022-12-21,46.0,1636.0,226.0,13.0
46707081.0,Joshua Rauh - Senior Fellow at the Hoover Institution | Stanford University Finance Professor.,Joshua Rauh,2009-06-12 17:56:42+00:00,joshrauh,Chad,Individual,a16z,,,2022-12-21,3311.0,1068.0,959.0,97.0
424181600.0,US Financial Editor at the Financial Times,Brooke Masters,2011-11-29 12:23:44+00:00,brookeamasters,Chad,Individual,a16z,,,2022-12-21,10442.0,485.0,1590.0,265.0
18046758.0,"@TechCrunchPlus Daily Reporter, sharing analysis and advice for startups. Passionate about startups, tech, media, languages and lifelong learning ğŸ’¡",Anna Heim,2008-12-11 13:06:31+00:00,abracarioca,Chad,DeFi,a16z,,,2022-12-21,7976.0,5163.0,31520.0,350.0
1.1613707562086482e+18,The analysis and conclusions set forth are those of the authors and do not indicate concurrence by other members of the research staff or the Board of Governors,FedResearch,2019-08-13 20:15:40+00:00,FedResearch,Chad,Individual,a16z,,,2022-12-21,16005.0,8.0,1262.0,388.0
374533994.0,Founder @fittinsider | Former @usmc & strength coach,Anthony Vennare,2011-09-16 13:51:21+00:00,avennare,Chad,Individual,a16z,,,2022-12-21,4279.0,862.0,6191.0,117.0
9.442888726278758e+17,Don't believe everything you think,Satori.âŒâ—¨-â—¨,2017-12-22 19:29:46+00:00,0xSatori,1.5,Individual,Fabric Ventures,,,2022-12-21,1229.0,2922.0,5022.0,15.0
1.5748603971185172e+18,This account is in open violation of Twitter rules prohibiting banned persons from making new accounts. Free speech is everything.,Scott Ritter,2022-09-27 20:36:14+00:00,author_himself,Chad,Individual,Dragonfly,,,2022-12-21,34918.0,244.0,95.0,169.0
1.4711588317910958e+18,NFT Terminal for Pro Traders. VC-backed by @arca @psalionvc @fasanaradigital @gsr_io and @alchemyplatform. Founder @evanvar,Mintify,2021-12-15 16:42:59+00:00,Mintify,Chad,Infra,Dragonfly,,,2022-12-21,31018.0,49.0,1655.0,52.0
1.441113712291582e+18,Building a more sustainable yield ecosystem on #Arbitrum with @UmamiFinance. Views are my own!,0xWenMoon,2021-09-23 18:54:27+00:00,0xWenMoon,Chad,DeFi,Dragonfly,,,2022-12-21,2328.0,618.0,2097.0,38.0
2286218053.0,"PhD student in databases focusing on MLOps @Berkeley_EECS @UCBEPIC. Prev. 1st ML engineer @viaduct_ai, research @googlebrain, BS & MS @Stanford CS. She/they.",Shreya Shankar,2014-01-11 06:46:16+00:00,sh_reya,1.5,Data,Collab captial,,,2022-12-21,33926.0,493.0,3355.0,480.0
904954562.0,"PM @AdeptAILabs. Working on a digital assistant that can use computers

Prev @Lyft @Penn",Omkar Savant,2012-10-26 00:17:47+00:00,OmkarSavant_,1.5,Infra,Collab captial,,,2022-12-21,68.0,625.0,1.0,5.0
18809624.0,co-founder & ceo @away â€¢ board @yahoo @whitneymuseum @scrippsresearch,Jen Rubio,2009-01-09 18:27:32+00:00,jennifer,1.5,Individual,Hack VC,,,2022-12-21,33386.0,1654.0,354.0,1041.0
